titel,bewohner,groesse,miete,strasse,plz,online_seit,sentiment,zimmer,lage,wg_leben,sonstiges,link
M√∂bliertes Zimmer in Unin√§he,11,21,265,Salvatorstr.,52070,01:00,-0.881325,Du studierst an der RWTH-Aachen und vorzugsweise im ersten oder zweiten Studiensemester      Dann bieten wir Dir     Ein Zimmer im   OG    OG oder   OG mit ca     bis    m  in unserem Haus im gr√ºnen Herzen Aachens  Unsere Zimmer wurden vor vier Jahren kernsaniert  Die Zimmer werden ausschlie√ülich vollm√∂bliert √ºbergeben      Internet mit WLAN  bis zu     Mbit s  ist vorhanden und im Mietpreis  ebenso wie Fernsehen  Strom  Wasser und Gas   inbegriffen      Dar√ºber hinaus bieten wir aber noch mehr  Gro√üe und gut ausgestattete K√ºchen  moderne und frisch renovierte B√§der sowie eine Sauna       Zum Entspannen gibt es ein mit Couchgarnitur m√∂bliertes Lesezimmer  samt kleiner Bibliothek und HiFi-Anlage   Die gro√üe Leinwand mit Beamer  Surround-Sound und gro√üer Filmsammlung erm√∂glichen entspannte Filmabende  Auch der Billardtisch in unserem Foyer l√§dt f√ºr spa√üige aber auch so manche ernstere Runde Pool ein      Ebenso ist der Keller mit sowohl zwei Waschmaschinen  als auch zwei Trocknern  best√ºckt  dessen Nutzung in der Miete mit inbegriffen ist      Gek√ºhlte Getr√§nke und frisches Fassbier findest Du in der hauseigenen Theke  der  kleinen Kneipe   Hier verbringen wir auch den einen oder anderen sch√∂nen Abend  in ruhiger oder ausgelassener Stimmung       Au√üerdem haben wir hinter unserem Haus einen Garten in dem eine Pergola  eine kleine Grillh√ºtte und eine Feuertonne im Sommer f√ºr Aktivit√§ten und laue Abende sorgen k√∂nnen  Und wenn die Sommertage mal wieder zu hei√ü werden  kann man sich im Pool abk√ºhlen  Seit neustem haben wir auch einen selbstgebauten Pizzaofen  welchen wir nach und nach verbessern und perfektionieren ,Das Haus befindet sich in fu√ül√§ufiger N√§he zum Audimax der RWTH  in einer ruhigen Seitenstra√üe der Ludwigsallee  Mit vielen Einkaufsm√∂glichkeiten  Netto  Aldi  Rewe  dm  B√§ckereien  Banken  Reinigungen usw   in der N√§he  muss man sich keine Sorgen machen  falls Samstagabend der K√ºhlschrank doch noch leer sein sollte  Gute Anbindung an die Buslinien per Haltestelle Ehrenmal und Eurogress sind ebenfalls innerhalb von wenigen Minuten erreichbar      Mit der direkten Lage am Salvatorberg haben wir einen sch√∂nen Park direkt vor der Haust√ºr  Hier gibt es Laufstrecken f√ºr die sportliche Bet√§tigung  sowie H√§ngematten um einfach nur das gute Wetter zu genie√üen ,Wir sind die Aachener Burschenschaft Teutonia und damit eine der etwa vierzig Studentenverbindungen in Aachen      Als Burschenschaft definiert uns unsere starke Gemeinschaft und unser gemeinsamer Weg durch das Studium       Aktuell sind wir etwa    aktive Studierende  die in ihrer Freizeit das Verbindungsleben gestalten  Dazu geh√∂ren neben gem√ºtlichen Tresen- und Grillabenden auch Ausfl√ºge durch die gesamte Republik  sowie Bildungsveranstaltungen in den Bereichen Politik  Kultur und Gesellschaft mit hochkar√§tigen Vortragenden bei uns auf dem Haus  So zum Beispiel RWTH-Professoren oder den Gr√ºnder der GSG   General a D  Wegener      Bei Fragen oder Problemen hinsichtlich deines Studiums stehen dir nicht nur Kommilitonen h√∂heren Semesters  sondern auch unsere Alumni bei       Daher sind wir ausdr√ºcklich keine Zweck-WG  Wenn du Zusammenhalt und Freundschaft w√§hrend deines Studiums und dar√ºber hinaus suchst  bist du bei uns genau richtig  Wir versuchen gemeinsam Studium und Alltag mit einer ganzen Menge Spa√ü zu meistern und unternehmen daher sehr viel miteinander  Dabei stehen nicht nur unterhaltsame Veranstaltungen wie Filmabende und Partys  sondern auch sportliche und kulturelle Aktivit√§ten  bei uns auf dem Tagesplan  Es ist daher immer Leben auf dem Haus  man muss nur danach fragen oder sich anschlie√üen      Im Sommer laden der gro√üe Garten zum entspannen und Beisammensein ein       Von Dir erwarten wir ein gewisses Interesse an dem Gemeinschaftsleben und kein Einsiedlerdasein im eigenen Zimmer      Um mehr √ºber uns zu erfahren folge uns auf Facebook  https   www facebook com BurschenschaftTeutonia  bzw  Instagram  https   www instagram com teutonia aachen     Oder besuche unser Homepage  http   www abteutonia de     Gerne beantworten wir dir deine Fragen im Vorfeld  ob √ºber die angegebene E-Mail Adresse  oder auch √ºber Facebook und Instagram  Doch am besten bei einem kalten Getr√§nk an unserer hauseigenen Theke oder in unserem Garten ,Da wir t√§glich viele Anfragen bekommen  freut es uns sehr  wenn du bei deiner Anfrage etwas √ºber dich erz√§hlst und deine Telefonnummer hinterl√§sst     Wenn du zu einem Besichtigungstermin eingeladen wirst  bring bitte auch etwas Zeit mit  Wir wollen dir die M√∂glichkeit geben  dass du dir ein Bild von uns machen kannst und wir auch dich kennenlernen k√∂nnen      Auch sind eure Eltern  Freunde oder Lebensgef√§hrten herzlich zu der Besichtigung eingeladen      Wir bieten nach der Besichtigung  auf rechtzeitige Anfrage  die M√∂glichkeit  bei uns zu √ºbernachten  solltet ihr zum Beispiel eine l√§ngere Anreise haben ,https://www.wg-gesucht.de/wg-zimmer-in-Aachen-Aachen.6839307.html
Newly Renovated,3,11,455,Schlosspark,52072,01:00,0.48982500000000007,Die frisch renovierte  -Zimmer-WG befindet sich im renommierten Stadtteil Laurensberg  Auf der   mit Aufzug  Etage gelegen  bietet diese Wohnung einen malerischen Blick auf den Lousbergwald  den Lousberg selbst und den Wildbach  bekannte Ziele f√ºr gem√ºtliche Spazierg√§nge  in Aachen  Neben dem Geb√§ude befindet sich eine gemeinschaftlich genutzte Gr√ºnfl√§che mit Tischen und St√ºhlen  ideal zum geselligen Beisammensein mit Freunden                            English     The freshly renovated  -room shared flat located in the prestigious Laurensberg district          Situated on the  th floor with an  Elevator   this flat offers a picturesque view of the Lousberg forest  Lousberg itself  and Wildbach  renowned destinations for leisurely strolls  in Aachen  Adjacent to the building  you ll find a shared green space furnished with  tables and chairs  perfect for socializing with friends ,Eine Bushaltestelle befindet sich direkt vor dem Geb√§ude  und die Bushaltestelle Laurensberg ist nur   Gehminuten entfernt  Busse fahren alle   Minuten vom Bahnhof Laurensberg zum Audimax und Pontor  Linien                         Das Audimax ist mit dem Fahrrad in    Minuten erreichbar     Ein Supermarkt  eine B√§ckerei  Restaurants  eine Apotheke und eine Sparkassen-Filiale sind innerhalb von   Gehminuten erreichbar                                 English     There is a bus stop directly in front of the building  and the Laurensberg bus stop is just a  -minute walk away  Buses run every   minutes from Laurensberg station to the Audimax and Pontor  lines                         The Audimax can be reached by bike in    minutes          There is a supermarket  a bakery  restaurants  a pharmacy and a Sparkasse bank branch within a  -minute walk ,Ich bin Younes und mein Zimmer w√§re deins    Atif ist    und arbeitet als Softwareentwickler an der RWTH    Khan ist auch    und arbeitet ebenfalls    Sie sind beide sauber und freundlich und unterhalten sich gern  besonders abends  wenn sie von der Arbeit kommen    Wir treffen uns normalerweise in der K√ºche  um zu kochen und √ºber unseren Tagesablauf zu sprechen und planen  gemeinsam einem Fitnessclub beizutreten  Musik h√∂ren  ein Bier trinken und joggen sind unsere weiteren gemeinsamen Pl√§ne                           -   English     I m Younes and my room would be yours    Atif is    and works as software engineer at the RWTH    Khan is also    and he works as well    They re both clean and friendly and love tk have chats specially in the evening when they get back frim work    We usually gather in the kitchen to cook and talk about our daily routine and plan to subscribe a fitness club together  Listening to music  having a bier and jogging are our other sharing plans ,Weitere Merkmale des Zimmers und der Wohnung sind     - Die Heizkosten sind in den Nebenkosten enthalten     - Ein gut gepflegtes Geb√§ude mit einem Hausmeister     - Eine voll funktionsf√§hige K√ºche mit brandneuen Ger√§ten  Herd  Backofen  K√ºhlschrank mit Gefrierfach  Mikrowelle  Geschirrsp√ºler  und Essecke    - Stromkosten und Internetanteil sind nicht in der Miete enthalten     -      funktionierender Aufzug     - Sichere Lagerung mit abschlie√übarem Keller und kleinem Abstellraum in der Wohnung     - Ein Niedrigenergieausweis  Energieverbrauch B  garantiert bezahlbares Wohnen     - Zwei Fahrradabstellpl√§tze im Erdgeschoss     - Waschk√ºche mit M√ºnzwaschmaschine und Trockner     Wenn Sie an diesem einladenden Zimmer und Apartment interessiert sind  stellen Sie sich bitte in Ihrer Antwort vor und kontaktieren Sie mich gerne √ºber WhatsApp  Wir sind dabei  Besichtigungstermine zu vereinbaren  und werden bei der ersten passenden √úbereinstimmung vorgehen      English     Other features of the room and apartment include     - Heating costs are included in the utilities     - A well-maintained building with a caretaker     - A fully functional kitchen with brand new appliances  stove  oven  fridge-freezer  microwave  dishwasher  and dining area    - Electricty costs and internet share are not included in the rent    -      functioning elevator     - Secure storage with lockable basement and small storage room in the apartment     - A low energy certificate  energy consumption B  guarantees affordable living     - Two bicycle parking spaces on the ground floor     - Laundry room with coin-operated washing machine and dryer     If you are interested in this inviting room and apartment  please introduce yourself in your reply and feel free to contact me via whatsapp  We are in the process of arranging viewings and will proceed at the first suitable match ,https://www.wg-gesucht.de/wg-zimmer-in-Aachen-Aachen.6839307.html
3-Flatshared Apartment,3,11,455,Schlosspark,52072,01:00,0.502825,Das Zimmer befindet sich in einer frisch renovierten Wohngemeinschaft im renommierten Stadtteil Laurensberg  Es befindet sich im    Stock eines zentral gelegenen  gepflegten Geb√§udes und bietet einen Panoramablick auf Sehensw√ºrdigkeiten wie den Lousberg-Wald  den Lousberg selbst und Wildbach - ein beliebter Ort f√ºr gem√ºtliche Spazierg√§nge  Umgeben von √ºppigem Gr√ºn und bl√ºhenden B√§umen verf√ºgt das Geb√§ude √ºber eine gemeinsame Gr√ºnfl√§che  die mit Tischen und St√ºhlen ausgestattet ist und sich ideal f√ºr gesellige Zusammenk√ºnfte eignet  In der N√§he befindet sich ein √∂ffentlicher Park mit einer Skateboardanlage  Tischtennisplatten  Basketballpl√§tzen und vielem mehr f√ºr die Freizeitgestaltung im Freien  Vor dem Geb√§ude gibt es ausreichend Fahrradabstellpl√§tze      English     The room is located in a newly renovated shared apartment in the prestigious Laurensberg district  It is located on the  th floor of a centrally located  well-maintained building and offers panoramic views of sights such as the Lousberg Forest  the Lousberg itself and Wildbach - a popular place for leisurely strolls  Surrounded by lush greenery and flowering trees  the building has a shared green area equipped with tables and chairs  ideal for social gatherings  There is a public park nearby with a skateboard facility  table tennis tables  basketball courts and much more for outdoor recreation  There are ample bicycle parking spaces in front of the building                                  ,Die ruhige und gelassene Nachbarschaft ist ein absolutes Wohnvergn√ºgen  perfekt f√ºr morgendliche Spazierg√§nge oder zwanglose Spazierg√§nge  Eine Bushaltestelle befindet sich direkt vor dem Geb√§ude  und die Bushaltestelle Laurensberg ist nur   Gehminuten entfernt  Superm√§rkte  B√§ckereien  Restaurants  Apotheken und eine Bankfiliale sind alle in kurzer Zeit zu Fu√ü zu erreichen      English     The quiet and serene neighborhood is an absolute pleasure to live in  perfect for morning walks or casual strolls  A bus stop is located right in front of the building  and the Laurensberg bus stop is just a  -minute walk away  Supermarkets  bakeries  restaurants  pharmacies and a bank branch are all within a short walking distance                                   ,Zurzeit wohnen Atif  ein Softwareentwickler  und Rizwan  Maschinenbauingenieur und berufst√§tig  mit uns zusammen  Wir haben ein gesundes Verh√§ltnis zueinander und teilen uns die Aufgaben im Haushalt  w√§hrend wir uns ab und zu unterhalten  lachen und Musik h√∂ren      English     Currently  Atif  a software developer  and Rizwan  a mechanical engineer and working professional  live with us  We have a healthy relationship and share household chores while occasionally chatting  laughing and listening to music                                   ,Weitere Merkmale des Zimmers und der Wohnung sind     - Die Heizkosten sind in den Nebenkosten enthalten     - Ein gut gepflegtes Geb√§ude mit einem Hausmeister     - Eine voll funktionsf√§hige K√ºche mit brandneuen Ger√§ten  Herd  Backofen  K√ºhlschrank mit Gefrierfach  Mikrowelle  Geschirrsp√ºler  und Essecke    - Stromkosten und Internetanteil sind nicht in der Miete enthalten     -      funktionierender Aufzug     - Sichere Lagerung mit abschlie√übarem Keller und kleinem Abstellraum in der Wohnung     - Ein Niedrigenergieausweis  Energieverbrauch B  garantiert bezahlbares Wohnen     - Zwei Fahrradabstellpl√§tze im Erdgeschoss     - Waschk√ºche mit M√ºnzwaschmaschine und Trockner     Wenn Sie an diesem einladenden Zimmer und Apartment interessiert sind  stellen Sie sich bitte in Ihrer Antwort vor und kontaktieren Sie mich gerne √ºber WhatsApp  Wir sind dabei  Besichtigungstermine zu vereinbaren  und werden bei der ersten passenden √úbereinstimmung vorgehen      English     Other features of the room and apartment include     - Heating costs are included in the utilities     - A well-maintained building with a caretaker     - A fully functional kitchen with brand new appliances  stove  oven  fridge-freezer  microwave  dishwasher  and dining area    - Electricty costs and internet share are not included in the rent    -      functioning elevator     - Secure storage with lockable basement and small storage room in the apartment     - A low energy certificate  energy consumption B  guarantees affordable living     - Two bicycle parking spaces on the ground floor     - Laundry room with coin-operated washing machine and dryer     If you are interested in this inviting room and apartment  please introduce yourself in your reply and feel free to contact me via whatsapp  We are in the process of arranging viewings and will proceed at the first suitable match ,https://www.wg-gesucht.de/wg-zimmer-in-Aachen-Aachen.6839307.html
"14m2 Zimmer in ""Doppel-4er-WG"" - Haus mit Garten - Ab 01.07.2024 verf√ºgbar",4,14,430,Muffeter,52074,02:00,-0.38825,In unserer gem√ºtlichen  Doppel  er-WG   zwei  er WGs in einem Haus mit Garten und zu acht geteilter  gro√üer Wohnk√ºche  wird ab dem            ein Zimmer frei      Das Zimmer hat      qm  liegt im Erdgeschoss  und geht zum Garten raus  Durch das gro√üe Fenster kommt trotz der Nordseite genug Licht hinein - auch wenn es nat√ºrlich nicht so hell ist wie auf der S√ºdseite  Daf√ºr im Sommer aber nicht zu warm      Allgemein     Auf dem Flur sind die   anderen Zimmer deiner Mitbewohner innen  ein Bad mit Regendusche und Toilette  sowie eine separate Toilette  Beide B√§der haben Fenster  Die riesige Wohnk√ºche teilst du dir mit noch einer anderen  er WG  sodass wir uns insgesamt als  er WG bezeichnen w√ºrden  jedoch mit separaten B√§dern etc    Die gro√üe  offene  und im Jahr      renovierte K√ºche  alles im Haus wurde      komplett renoviert  im    OG ist DER Treffpunkt f√ºr alle Bewohner innen und ist mit Kicker  Sessel  Sofa  Induktionsherd  Backofen  Mikrowelle      wirklich gro√üartig ausgestattet  Es gibt au√üerdem noch einen gro√üen Garten mit Terrasse  besonders im Sommer einfach super ,Das Haus liegt in bester  und ruhiger  Lage auf der H√∂rn K√∂nigsh√ºgel im Muffeter Weg und bietet zwischen Campus Mitte  Informatikzentrum auf der H√∂rn  und Campus Melaten den idealen Ausgangspunkt f√ºr Studierende  Direkt vor dem Haus befindet sich eine Bushaltestelle  Von dort ist man mit der       und    noch bis immerhin      Uhr an die Innenstadt angebunden     Pontstra√üe  Audimax  CARL  und andere H√∂rsalgeb√§ude erreicht man super innerhalb von   -   Minuten  zu Fu√ü  mit dem Fahrrad ist man sowieso schnell √ºberall   zumindest auf dem Hinweg  da wir ziemlich genau oben auf dem K√∂nigsh√ºgel wohnen        Die n√§chsten Einkaufsm√∂glichkeiten sind Kaufland  Lidl und Aldi  auch zu Fu√ü   Zum Rewe oder HIT kommt man mit dem Rad aber auch gut ,Wir sind eine bunt gemischte und gesellige WG  in der jede r herzlich wilkommen ist  Es gibt eine Menge gemeinsame Aktivit√§ten wie gemeisam Kochen und oder Essen  ca  alle   Wochen gibt es auch ein WG essen f√ºr alle zusammen  Aktuell gibt es unter der Woche eine  Fr√ºhst√ºckrunde    Grillen  im Garten sitzen  Sport machen  Filmeabende  etc    und in der K√ºche findet man eigentlich immer jemanden  mit dem man sich unterhalten oder etwas unternehmen kann  Im Garten trifft man   zumindest im Sommer   auch h√§ufiger jemanden an  und aufgrund der Gr√∂√üe des Gartens sind neue Mitbewohner innen mit Spa√ü an der Gartenarbeit herzlich willkommen  ist aber kein Muss      Es kann nat√ºrlich aber auch jeder gerne in seinem Zimmer seine Ruhe haben     Den besten Eindruck bekommst du aber wahrscheinlich  wenn du es dir selber mal anschaust  wir freuen uns also √ºber deine Nachricht   ,Im Preis sind Miete  Internet  Strom  Wasser  Heizung inkludiert       WICHTIGER HINWEIS     Der Vertrag wird mit dem Vermieter direkt abgeschlossen und ist voraussichtlich auf   Jahre befristet  Zudem solltest du in einem Bachelor- oder Masterstudiengang  oder vergleichbar  z B  Medizin  eingeschrieben sein ,https://www.wg-gesucht.de/wg-zimmer-in-Aachen-Aachen.6839307.html
WG Zimmer in moderner Wohnung und zentraler Lage,3,14,450,Normaluhr,52064,02:00,-0.882275,Das zu vermietende Zimmer ist ca     Quadratmeter gro√ü und hat zwei gro√üe Fenster  die f√ºr viel Tageslicht sorgen  Es geht hinaus zu einem kleinen Innenhof  wodurch du viel Privatsph√§re hast  In das Zimmer wurde von einem Schreiner ein gro√ües Hochbett passend hineingebaut  auf das eine    x   cm Matratze passt  Dadurch gibt es auf der Bodenfl√§che viel Platz  den du f√ºr deine restlichen M√∂bel nutzen kannst  Der Kleiderschrank steht in einem kleinen Nebenr√§umchen  wodurch du noch mehr Platz im Zimmer hast     Die Wohnung selbst ist ca     Quadratmeter gro√ü  Neben den   WG Zimmern gibt es auch noch voll zwei ausgestattete B√§der  eines mit einer Dusche und eines mit einer Badewanne  So kommen wir uns morgens nicht in die Quere  D    Treffpunkt der WG ist unsere gro√üe K√ºche  in der wir gerne an der Theke zusammensitzen und quatschen  Au√üerdem besitzen wir einen gro√üen Esstisch  falls mal Freunde zu Besuch kommen ,Die Wohnung liegt zentral an der Kreuzung Normaluhr  Von hier fahren regelm√§√üig Busse in jeden Stadtteil  So ist die RWTH in ca    min zu erreichen und bis zum Uniklinikum braucht man ca    min  Der Aachener Hauptbahnhof ist in  min zu Fu√ü erreichbar und auch bis in die Innenstadt l√§uft man nur so   -  min  Der Lage entsprechend befinden sich auch einige Superm√§rkte in der direkten Umgebung ,Dein Vormieter Jannik verl√§sst uns leider  da er ins Ausland geht  um dort zu promovieren     Du w√ºrdest zusammenwohnen mit     Tobias      studiert Wirtschaftsingenieurswesen mit der Fachrichtung Werkstoff-   Prozesstechnik  In seiner Freizeit spielt er gerne Beach-   Hallenvolleyball und ist gerne aktiv  Er liebt es zu kochen und freut sich immer auf gemeinsame Koch- und Spieleabende  Allgemein aufgeschlossen und unkompliziert  l√§sst er sich auch immer gerne zu Gespr√§chen und Disskusionen hinrei√üen     Ich bin Johanna     und studiere im    Semester Humanmedizin  In meiner freien Zeit besuche ich gerne mal das RWTH Gym und gehe zum Kickboxen oder bin mit Freunden unterwegs  Au√üerdem koche ich gerne und w√§re f√ºr gemeinsame Koch oder Spieleabende immer zu haben       Wir sind keine Party WG und suchen einfach eine n nette n  offene n Mitbewohner in  mit dem der man scherzen kann und der die Sarkasmus vertr√§gt und auch mal Lust auf ein kleines Pl√§uschchen in der K√ºche hat  F√ºr die ein oder andere Unternehmung w√§ren wir nat√ºrlich auch offen ,In deinem zuk√ºnftigen Zimmer w√ºrde das Hochbett verbleiben und dein Vormieter w√ºrde gerne den Schrank im Nebenr√§umchen belassen  sowie die Verdunklungsrollos und die Regalbretter  F√ºr den Schrank und die Waschmaschine  die wir grade neu gekauft haben  h√§tte er gerne      als Abschlag  Die restlichen M√∂bel im Zimmer k√∂nnen auf Wunsch auch gerne √ºbernommen werden  Das w√ºrdest du dann mit Jannik genauer besprechen ,https://www.wg-gesucht.de/wg-zimmer-in-Aachen-Aachen.6839307.html
"WG-Zimmer in zentraler Lage in der Aachener Innenstadt (ab 01.07.2024, unbefristet)",3,16,375,Krakaustra√üe,52064,02:00,-0.48855000000000004,Hallo zusammen      Ich  Kamil  ziehe zum        aus der sch√∂nen WG in der Krakaustra√üe aus  Das Zimmer ist ca     m  gro√ü  die Fenster sind zur Westseite und es liegt zur Stra√üe heraus  Das hei√üt  du bekommst zwar ein wenig Stadttrubel in deinem zuk√ºnftigen Zimmer mit  wirklich laut ist es aber nie und sobald die Fenster zu sind h√∂rt man von drau√üen nichts mehr       Neben den drei Schlafzimmern hat die Wohnung ein Tageslichtbad und eine gem√ºtliche K√ºche  in der man gut zusammen sitzen und gemeinsam kochen kann  An dem ausziehbaren Tisch kann man auch mal bis zu  -  Personen f√ºr Spieleabende unterkriegen  auch wenn es dann ein bisschen kuschelig wird        Unsere Waschmaschine steht im extra daf√ºr vorgesehenen Waschraum im Keller  Au√üerdem haben wir noch ein privates Kellerabteil und es gibt einen Fahrradkeller f√ºr das ganze Haus  Im Garten  den sich das ganze Haus teilt  kann man im Sommer super grillen  Grill und Sitzm√∂glichkeiten sind im Garten vorhanden und k√∂nnen von jeder Partei mitbenutzt werden      Sowohl den Kleiderschrank  die Vorh√§nge  das Regal  die eingebaute Ablagefl√§che als auch das Bett  inkl  Matratze  w√ºrde ich dir gerne √ºberlassen  Als Abl√∂se f√ºr die Sachen und das allgemeine WG-Gut  Waschmaschine  K√ºhlschrank  zus√§tzlicher Gefrierschrank  diverse K√ºchenausstattung und Staubsauger  h√§tte ich gerne      ,Die Lage im Jakobsviertel ist wirklich top  Bis zum Hauptbahnhof und Schanz l√§ufst du knapp    Minuten  au√üerdem sind die Bushaltestellen Misereor  √§u√üerer Ring   A B  und Annastra√üe  innerer Ring  in unter   Minuten zu erreichen  Bis zum Dom und Rathaus  Innenstadt  l√§ufst du ebenfalls nur knappe   Minuten  Wenn du es lieber etwas ruhiger magst  bist du in ca     Minuten zu Fu√ü beim Hangeweiher und kannst dich dort in der Sonne entspannen         Bis zum Hauptgeb√§ude der RWTH und zum K√∂nigsh√ºgel f√§hrt man mit dem Fahrrad maximal    Minuten  zur Uniklinik    Minuten      Einkaufsm√∂glichkeiten sind mit Aldi  Netto  Rewe  Denns Bio  Rossmann und DM in weniger als   Minuten zu Fu√ü erreichbar        Das Last Exit und Leana und Luise  eine der besten Eisdielen der Stadt  sind quasi unsere Nachbarn ,Du w√ºrdest mit Marc und U ur zusammenwohnen       U ur ist    Jahre alt und kommt urspr√ºnglich aus der T√ºrkei  Er studiert Wirtschaftsingenieurwesen Fachrichtung Bauingenieur im Master an der RWTH  Seine Interessen reichen vom Backen √ºber Videospiele bis zu Schach  Er bezeichnet sich selbst gerne als   Generalist im Leben   Auch er ist oft in der Uni oder am Arbeiten  aber freut sich abends auch √ºber ein Bierchen in Gesellschaft am besten gepaart mit einer fruchtbaren Diskussion √ºber Gott und Welt  Er wohnt selbst auch erst seit April in der WG und gew√∂hnt sich grade an sein   neues Leben        Marc ist    Jahre alt und studiert flei√üig an der RWTH  er ist viel besch√§ftigt und h√§ufiger mal beim Unisport  F√ºr ein Gespr√§ch in der K√ºche beim Kochen oder ein gem√ºtliches Feierabend-Bierchen ist er immer zu haben      Allgemein ist unsere WG-Leben sehr entspannt und harmonisch  Wir verstehen uns alle gut  lachen viel zusammen und versuchen immer mal wieder sch√∂ne Sachen zusammen zu machen  kochen  Spieleabende etc         Da alle ziemlich besch√§ftigt sind  geht es unter der Woche aber ein bisschen ruhiger zu  Daher suchen wir   auch altersbedingt   nicht unbedingt den Ersti  der viel Party macht  Am besten w√ºrde jemand passen  der sich vielleicht auch schon im fortgeschrittenen Studium befindet oder bereits arbeitet ,Wenn du dich angesprochen f√ºhlst und Lust auf eine nette WG in Toplage hast  schreibe uns gerne eine Mail  in der du ein bisschen was √ºber dich erz√§hlst      Damit wir uns die ganze M√ºhe nicht umsonst gemacht haben und wissen  dass du alles gelesen hast  m√∂chten wir  dich bitten in deiner Antwort das Wort  Sommerwetter  einbaust         Wir freuen uns auf dich      Kamil  U ur und Marc,https://www.wg-gesucht.de/wg-zimmer-in-Aachen-Aachen.6839307.html
üèò girls only apartment /rooms for female studens   in center of Aachen. The best location in town!,3,20,480,monheimsalle,52062,06:00,0.6058,Free room  in a shared WG  -rooms  apartments central   Aachen              euro for   room    person include nebenkosten       not include electricity       Deposit -      euro per person       Kitchen     Toile     bathroom      All rooms are spacious  With the desktop  a bed   And Wardrobe   The kitchen is fully equipped including a washing machine      Long-term agreement     years minimum        Include City register       Not for  smokers                 Please write to us only if you have read our terms and everything is clear to you  That apartment just for girls       ,Best location of Aachen      ,Amazing apartment ,All dAy flexibility  ,https://www.wg-gesucht.de/wg-zimmer-in-Aachen-Aachen.6839307.html
Gro√ües Zimmer in entspannter 5er WG mit Katze,5,19,419,Aretzstra√üe,52070,09:00,-0.652925,Dein Zimmer wird eins der gr√∂√üten der WG sein  mit knapp √ºber    qm  hohen Decken ohne Dachschr√§gen und S√ºd-Balkon wirst du alles unter bekommen  was du zum Leben brauchst  Liz hat sogar noch ihr halbes Hobbyzimmer reinbekommen     Neben Deinem Zimmer bietet die WG noch eine gro√üe K√ºche  die wir in naher Zukunft ein wenig umgestalten wollen  falls du also Lust auf so ein Projekt hast sind deine Ideen und dein Tatendrang herzlich willkommen     Au√üerdem haben wir zwei B√§der jeweils mit Badewanne  Dusche und Toilette  was auch mit   Leuten eine entspannte Morgenroutine erm√∂glicht     Im Keller findest du Platz  um dein Fahrrad abzustellen und sobald wir den Kellerraum vom Kram der ehemaligen WG Bewohner befreit haben bietet sich dort auch Platz um sperrige Sachen zu lagern ,Die WG liegt direkt am Europaplatz Bl√ºcherplatz und ist super mit den √ñffis angebunden  Mit dem Rad sind es   min zur Innenstadt  zu Fu√ü vielleicht     Zum Einkaufen finden sich ebenfalls in    min Fu√üweg ein LIDL  Penny  Norma sowie   asiatische und t√ºrkische L√§den  Da unsere Wohnung in einer wenig befahrenen Wohngegend liegt ist es sch√∂n ruhig ,Liz und Till ziehen leider beide zum     September aus  da sich Ihnen die M√∂glichkeit bietet zu einem Freund zu ziehen und damit n√§her an ihren Arbeitsst√§tten bzw  der Uni zu wohnen  √úbrige bleiben die   Personen und ein Kater  die sich kurz vorstellen m√∂chten      Kai  hat dieses Semester seine Bachelor-Arbeit in Architektur abgegeben  spielt in seiner Freizeit sehr gerne und ist K√∂nig des effizienten Kochens und der Mitternachtssnacks      Leo  ist erst vor kurzem eingezogen  wurde aber schnell ins Herz geschlossen  Immer voller Tatendrang und Flei√ü gibt es kein Werkzeug  dass er nicht hat  Ganz nebenbei studiert er noch Mechatronik im    Semester      Toni  arbeitet an einer Grundschule und bringt immer die besten Geschichten mit  Nach der Arbeit findest du Toni wahrscheinlich im Garten oder bei irgendwelchen Kreativarbeiten      Joey ist unser vierbeiniges und flauschigstes WG Mitglied  Neben gekrault werden und mit Pfeifenreinigern zu spielen f√§hrt er total auf Nudeln und Kartoffeln ab      Generell sind wir keine Zweck WG und spielen alle gerne Gesellschaftsspiele  veranstalten Kochabende  gemeinsame Wochenendfr√ºhst√ºcke und gelegentliche Ausfl√ºge  Daf√ºr gibts bei uns auch einen Dienst im WG-Plan  der anregt  dass wir auch regelm√§√üig etwas spa√üiges zusammen unternehmen ,Da zwei Leute ausziehen gibt es auch zwei Zimmer zu vergeben  Die andere Anzeige findest du hier   Link folgt bald     So kannst du eventuell selbst noch die WG mitgestalten und vielleicht sagt dir das andere Zimmer ja sogar mehr zu      Damit wir wissen  dass du auch alles gelesen hast schreib uns doch mal bitte in deiner Anzeige welches dein Lieblingsspiel ist  vielleicht findet sich das sogar schon in unserer WG      Wir freuen uns auf deine Nachricht  D,https://www.wg-gesucht.de/wg-zimmer-in-Aachen-Aachen.6839307.html
"Helles, freundliches WG-Zimmer zur Zwischenmiete in Aachen",3,16,300,Bosstraat,Unknown,10:00,0.006049999999999972,  English below        Auch f√ºr k√ºrzere Untermieten innerhalb der angegebenen Zeit geeignet   Also suitable for more short term subleases within the given rental time window      Hallo an alle        da ich studiumsbedingt bis November ausziehe  m√∂chte ich mein WG-Zimmer in Vaals bei Aachen gerne bis Ende Oktober untervermieten und suche daher ein e Zwischenmieter in       Das Zimmer ist ca    qm gro√ü  nach Westen ausgerichtet und ist durch ein gro√ües Fenster und hohe Decken ziemlich hell  Da ich meine M√∂bel im Zimmer lassen werde  sind ein     m-Bett mit Matratze  ein Schreibtisch mit viel Stauraum sowie ein Schrank bereits im Zimmer  da es au√üerdem ein wundersch√∂nes Wandregal gibt  ist definitiv genug Platz f√ºr alle deine Sachen       --     Hello everybody      since I am moving out until November due to study reasons  I want to sublet my flatshare room in Vaals close to Aachen until the end of October and am looking for a tenant until then      The room itself is about   sqm big and has a large window to the west and high ceilings  which makes it fairly light  Since I am leaving my furniture in the room  you will have a     m-bed with a mattress  a desk with a lot of storage options  a wardrobe and a built-in shelf  Therefore you will have enough space for all your belongings ,Das Zimmer ist in Vaals gelegen  einem Vorort von Aachen  der sich bereits in den Niederlanden befindet  Nach Aachen ist man aber sehr gut angebunden  mit Bus und Fahrrad braucht man ca     Minuten zum Uniklinikum und Campus Melaten und ca     Minuten in die Innenstadt sowie zum Hauptbahnhof       In Vaals selbst gibt es aber auch genug zu tun  Zum einen hat man hier von Superm√§rkten √ºber Klamottenl√§den und L√§den wie Action und Hema einiges an Gesch√§ften  die auch sonntags offen haben  insofern ist man rund um die Uhr gut versorgt  zum anderen laden ein Stadtpark  die Felder um den Ort herum sowie das Dreil√§ndereck auch immer zu Spazierg√§ngen ein          The room is located in Vaals  a suburb of Aachen already situated in the Netherlands  However  there are good connections to Aachen  so with bus or bike you are at the university hospital and Campus Melaten in about    minutes and in the city center and central railway station in about    minutes      Vaals itself also has a lot to offer  On the one hand  there are a lot of shops also open on Sundays  including several supermarkets  clothing stores and stores like Action and Hema  Furthermore you are close to nature and a park  the fields around town as well as the three country point are always good for a walk ,Du wirst zusammen mit Yoana und Simone wohnen  Yoana ist momentan in den letzten Z√ºgen ihres Medizinstudiums und Simone Erasmus-Student aus Italien  Unser WG-Leben war an sich bis jetzt eher ruhig  da wir auch alle ganz gut mit der Uni besch√§ftigt waren  wir treffen uns aber doch immer mal wieder gerne in der K√ºche und reden √ºber alles M√∂gliche       In unserer Wohnung haben eine K√ºche mit K√ºhlschrank  Herd und allem was dazugeh√∂rt  ein Bad mit Dusche und eigener Waschmaschine sowie ein kleines Wohnzimmer mit Sofa und Fernseher       --     You will live together with Yoana and Simone  Yoana is currently in her last stages of medical school and Simone is an Erasmus student from Italy  Up until now  our flat share life was rather calm  since we are all pretty busy with uni  but we were always down for a chat at the kitchen and talk about a lot of different things       In our flat  we have a kitchen with a fridge  a stovetop and everything needed for cooking  a bathroom with a shower and our own washing machine as well as a small living room with a sofa and TV ,Da ich bereits ausgezogen bin  w√ºrde ich das Zimmer gerne ab sofort vermieten  das genaue Startdatum ist hierbei aber verhandelbar  Du kannst dich aber auch gerne melden  falls du das Zimmer nur einen Teil der Zeit  z B  nur im Juli  br√§uchtest      Bei Interesse und oder weiteren Fragen w√ºrde ich mich sehr dar√ºber freuen  wenn du dich meldest und ein bisschen was √ºber dich  was du in Aachen vorhast und wieso du dich f√ºr das Zimmer interessierst erz√§hlst        Gerne k√∂nnen Besichtigungen auch Online stattfinden      Viele Gr√º√üe     Cheyenne      --     Since I have already moved out  I would be fine with subletting from now on  however if you want another move-in date or only want to rent for part of the time  e g  only for July   I would still be happy for you to reach out      In case you are interested and or have further questions  I would be very happy if you reach out and tell me a bit about you  what you are about to do in Aachen and why you are interested in the room        Online viewings would work as well      Best regards     Cheyenne,https://www.wg-gesucht.de/wg-zimmer-in-Aachen-Aachen.6839307.html
Neuer/e Mitbewohner/in in 2er WG gesucht,2,11,318,Alsenstra√üe,52068,10:00,-0.2537,Please note the english translation below     Das Zimmer  auf dem abgebildeten Lageplan ZimmerR  hat ein Fenster zur Stra√üenseite und ist ca       m  gro√ü  ca      x     siehe Abb    Die Wohnung hat kein Wohnzimmer  aber es gibt eine Wohnk√ºche      English Translation     The room  in the layout marked by  ZimmerR   has a window facing the street and is about      m  in size  The flat does not have a living room  however there is a  comparably  large kitchen ,German    Netto und Bushaltestelle sind direkt um die Ecke  Au√üerdem D√∂ner und Pizza in der Elsasstra√üe     Es gibt eine Fitness Studio  Mcfit  in der N√§he und ist circa   min zu Fu√ü zu erreichen       English    Netto  German Groceries Discounter  and a bus station are right around the corner  Also you can get a D√∂ner and Pizza close by  There is a gym  Mcfit  nearby and is about   minutes walk away ,German    Ich hei√üe Chinonso  ich bin Fachinformatiker f√ºr Systemintegration im zweiten Lehrjahr  Ich mag gern unterwegs sein  ich schaue gern Fu√üball und ich gehe ab und zu ins Fitness Studio     Das WG-Leben ist bei uns recht einfach  Jeder hat seine Ruhe  Es wird ab und zu etwas gemeinsam unternommen  solange es unsere gemeinsame Interessen betrifft zum Beispiel  gemeinsames Kochen  zusammen Film  Nachrichten oder Fu√üball gucken etc  Ein sauberes Leben wird erwartet  Jede Woche werden die K√ºche und Toilette von uns nach Routine aufger√§umt und der M√ºll entsorgt  Sachen die gemeinsam genutzt werden  werden nach Routine gekauft  Weiteres k√∂nnen wir beim Wohnungsbesichtigung besprechen      English    My name is Chinonso  I am an IT specialist for system integration in the second year of my apprenticeship  I like to be on the road  I like to watch football and I go to the gym from time to time     Life in a shared flat is quite simple with us  Everyone has their own peace and quiet  Every now and then we do something together  as long as it concerns our common interests  for example  cooking together  watching a movie  the news or football together     etc  A clean life is also required  Every week we tidy up the kitchen and toilet according to routine and dispose the waste  Things that are shared are bought according to routine  You can find out more during the apartment viewing ,WG Ausstattung ist folgenderma√üen     Laminat  Gastherme f√ºr Heizung und elektrischer Durchlauferhitzer f√ºr Warmwasser  Waschmaschine  und ansonsten war noch auf den Bildern zu sehen ist      Folgendes w√§ren dann also deine monatlichen Kosten            an den Vermieter  Beinhaltet Nebenkosten            NetAachen  Internet           Naturwerke  Strom           Stadtwerke Flensburg  Gas     Das      Sonstige Kosten -Feld beschreibt genau die Kosten  Internet   Strom  Gas  die nicht an den Vermieter gehen     Die     Abl√∂severeinbarung ist ein     Anteil an dem K√ºchenmobiliar und     f√ºr Waschmaschine      Es gibt die M√∂glichkeit hinter dem Haus Parkpl√§tze zu mieten  wobei mir hier nicht die Preise bekannt sind      English Translation     The following is present in the flat share     Laminate  gas-heating installation  electrical flow-type heater for warm water  washing machine     The following would be your monthly costs            Rent  to the Landlord            NetAachen  Internet           Naturwerke  Electricity            Stadtwerke Flensburg  Gas     The     in the  Sonstige Kosten -field refer to the costs that are not paid to the landlord  meaning Internet  Electricity  Gas     The       Abl√∂severeinbarung   refers to a one time payment for a     stake in the kitchen furniture and     for the washingmachine      There is also the option of renting parking spots behind the house  though I don t know the price and it wouldn t be included ,https://www.wg-gesucht.de/wg-zimmer-in-Aachen-Aachen.6839307.html
1 Mitbewohner gesucht (3er WG) helle gro√üe (100m¬≤) Wohnung Uni nah,3,13,450,Maastrichter,52074,11:00,-0.583425,Ich suche ab dem           eine n  neue n  Untermieter in   Die Wohnung ist sehr gut f√ºr ein sch√∂nes studentisches WG-Leben geeignet  Sie bietet jedem Mitbewohner ein eigenes Zimmer  zwischen   -   m    ein Bad  ein separates WC  ein gro√ües Wohnzimmer  eine gro√üe K√ºche  einen Flur und ein Kellerabteil      Dein Zimmer w√§re unm√∂bliert  sodass du es dir nach deinen Vorstellungen gem√ºtlich einrichten kannst  ohne √úberbleibsel von vorherigen Bewohnern  Ansonsten darfst du in der voll m√∂blierten Wohnung alles mitbenutzen  Beamer  Musikanlage mit Plattenspieler  K√ºche inkl  Ausstattung  Waschmaschine etc    Als Lagerm√∂glichkeit steht ein Kellerabteil zur Verf√ºgung ,Die Wohnung befindet sich in der Maastrichter Stra√üe   in Aachen  Die Lage ist ideal f√ºr Studenten  da sie sich in unmittelbarer N√§he zur RWTH Aachen University und zum Campus befindet       In der Umgebung gibt es verschiedene Superm√§rkte  Caf s  Bars und Restaurants  die fu√ül√§ufig erreichbar sind  √ñffentliche Verkehrsmittel sind ebenfalls sehr gut erreichbar  auch wenn man zu fuss schneller an der Uni ist   sodass du problemlos durch die Stadt kommst  Der nahegelegene Westpark bietet zudem eine tolle M√∂glichkeit zur Erholung und Freizeitgestaltung im Gr√ºnen ,Dein einer Mitbewohner w√§re Bennet     Jahre   der im Master Maschinenbau an der RWTH Aachen studiert  Er ist entspannt  ordentlich  ruhig und sportlich  zu mindest im Vergleich zu mir   also ein wunderbarer Mitbewohner      Zu mir  Mein Name ist Frederick     Jahre  und ich studiere im Master Architektur  Ich w√ºrde mich als entspannt und unkompliziert beschreiben  In den letzten Monaten habe ich die Wohnung etwas umgestaltet und habe momentan viel Spa√ü daran  noch weiter daran zu feilen      Es ist immer etwas schwierig  sich selbst in Worten zu beschreiben  Am besten  ihr lernt uns pers√∂nlich kennen      Dein Profil  m w d spielt keine Rolle  Idealerweise bist du entspannt und humorvoll und magst es  in deiner Freizeit ab und zu ruhig oder auch mal in Gesellschaft Zeit zu verbringen  z B  bei einem gem√ºtlichen Koch-  Film- oder Weinabend ,Um Spam-Nachrichten zu vermeiden  w√ºrden wir uns freuen  wenn ihr eure Nachricht mit  Tomatenfreunde  beginnt ,https://www.wg-gesucht.de/wg-zimmer-in-Aachen-Aachen.6839307.html
UNTERMIETE 01. August bis Anfang September - WG-ZIMMER in top Innenstadt Lage,3,24,423,Jakobstra√üe,52064,11:00,-0.343475,Ich Suche eine Untermiete f√ºr den August mit M√∂glichkeit bis Anfang September zu bleiben  eventuell unbefristed m√∂glich      Dein potentielles neues Zuhause hat    m  und ist zur S√ºdost Seite gelegen     Wir haben eine recht gro√üe und gut ausgestattete K√ºche  und ein Bad mit separater Toilette  Alle Zimmer sind vom Flur aus erreichbar  in dem auch ein Sofa mit Fernseher steht  Neben der Wohnung steht uns zudem noch ein Kellerabteil und der Trockenraum auf dem Dachboden zur Verf√ºgung  Ausserdem teilen wir uns alle einen Garten     In dem Haus sind noch   weitere WGs  mit denen wir uns auch gut verstehen ,Die WG ist mitten in Aachen gelegen    Minuten zum Bahnhof Schanz oder zum n√§chsten B√§cker und nicht viel weiter zum n√§chsten Rewe oder Netto      Das Hauptgeb√§ude der Uni ist ungef√§hr    Minuten zu Fu√ü  genauso weit ist es zum Rathaus und Dom in die Innenstadt  Au√üerdem fahren von Schanz und Karlsgraben mindestens alle    Minuten Busse in jede Ecke von Aachen ,Deine Mitbewohner sind Luisa      und Marek       studieren beide und sind super liebe  umg√§ngliche und unkomplizierte Menschen       Die K√ºche ist bei uns so ziemlich der Dreh- und Angelpunkt  sodass es nicht selten passiert  dass wir uns gerne mal bei einem Kaffee verquatschen oder Abends gemeinsam Kochen und Essen oder spielen      Auch sonst sind wir gerne f√ºr jede Idee zu haben  wenn grad nicht Klausurenphase ist     und w√ºrden uns freuen wenn du auch Teil unseres WG Lebens sein m√∂chtest ,In den Nebenkosten sind Internet und Strom schon inklusive      Wenn du dich angesprochen f√ºhlst  schreib uns gerne  ,https://www.wg-gesucht.de/wg-zimmer-in-Aachen-Aachen.6839307.html
Mitbewohner f√ºr Wohnung Aachen Innenstadt gesucht,3,15,565,An,52064,12:00,-0.47214999999999996,Die Wohnung hat eine gro√üe Wohnk√ºche mit anliegendem Balkon  Die K√ºche ist gut ausgestattet und modern  das Wohnzimmer selbst ist bereits voll m√∂bliert Es gibt einen gro√üen Balkon mit Blick auf den kleinen Park der Anlage  Es sind zwei etwa gleich gro√üe Zimmer zu vermieten  Die Wohnung hat ein Bad mit allem was man sich w√ºnscht  Dusche  Badewanne etc   Au√üerdem gibt es eine getrennte Toilette mit Waschbecken  Au√üerdem gibt es noch einen kleinen Abstellraum  Die Waschmaschine steht im Keller  wo auch Platz ist Fahrr√§der und anderes abzustellen  Die Wohnanlage hat eine Tiefgarage  in der man einen Parkplatz mieten kann  Den Rest findet ihr auf den Fotos ,Die Wohnung ist Teil einer Wohnanlage  die um einen Park herumgebaut ist  Sie ist in einer ruhigen Gegend  aber trotzdem im Zentrum Aachens  gelegen f√ºnf Minuten zu Fu√ü vom Elisenbrunnen  Um die Ecke ist direkt ein Rewe und zur Uni sind es h√∂chstens zehn Minuten  Es gibt mehrere Bushaltestellen f√ºnf Minuten zu Fu√ü von  der Wohnung ,Hallo deine neuen Mitbewohner w√§ren Ian und Martin  Wir beide sind eher ruhig  aber machen auch gerne mal was zusammen  Kochen etc  Bei uns bist du richtig wenn du gerne was in der Wg machen m√∂chtest oder einfach nur alleine f√ºr dich leben m√∂chtest ,Wenn du Interesse hast  dann w√ºrde ich mich √ºber eine Nachricht freuen     Martin  ,https://www.wg-gesucht.de/wg-zimmer-in-Aachen-Aachen.6839307.html
Wundervolle WG sucht Zuwachs,4,16,439,Oppenhoffallee,52066,12:00,-0.6246499999999999,Hey     Unser Mitbewohner Jonas verl√§sst uns leider Ende Juli Richtung S√ºddeutschland  um dort eine Ausbildung zu beginnen  Dadurch wird sein Zimmer frei und nun suchen wir eine neue Mitbewohnerin  einen neuen Mitbewohner f√ºr unsere WG         Das Zimmer ist    Quadratmeter gro√ü und sehr sch√∂n  Es ist Richtung S√ºden ausgerichtet  hat Seiten- und Dachfenster  wodurch es immer sch√∂n hell und freundlich ist  Genau wie unsere Wohnung hat das Zimmer viel Charme durch die hohen Decken  die Dachquerbalken und durch den sch√∂nen Holzfu√üboden     Wir haben viel Platz  eine gro√üe K√ºche  ein gro√ües Wohnzimmer und zwei sch√∂ne  moderne helle Badezimmer mit Fenstern      Im angegebenen Preis ist alles enthalten  Also GEZ  Internet etc ,Unsere Wohnung liegt im Frankenberger Viertel an der Oppenhoffallee  Im Frankenberger findest du alles fu√ül√§ufig  was man so braucht   Superm√§rkte  B√§ckereien  nette Caf s und Bars  Parks  Wochenendm√§rkte und den legend√§ren Musikbunker  Gleichzeitig ist man schnell mit dem Bus oder dem Fahrrad in der Innenstadt     Minuten Entfernung  und in ca  f√ºnf Minuten auch am Bahnhof Rothe Erde  Dort fahren Z√ºge in Richtung K√∂ln und Richtung Aachen Hauptbahnhof      Die Wohnung ist eine Dachgeschosswohnung  Altbau und wurde vor wenigen Jahren renoviert  Zwar liegt sie im vierten Stock  doch das Treppensteigen lohnt sich  Sp√§testens um beim Abendessen dem Blick √ºber die D√§cher des Viertels  auf die Sonnenunterg√§nge hinter dem Lousberg zu genie√üen oder damit dir niemand von gegen√ºberliegenden H√§usern in dein Zimmer schauen kann  Im Haus leben nur WGs  wodurch es sehr entspannt ist und auch WG-Partys kein Problem sind ,Wir wohnen hier zu viert und gestalten das Zusammenleben zwischen Arbeit und Studium       Wir   das sind Johannes  Santana-May und Lisa       Johannes ist    Jahre alt und studiert Angewandte Geographie und Stadtplanung an der RWTH  Nebenbei arbeitet er in einem Architektur- und Stadtplanungsb√ºro  Er interessiert sich f√ºr Interior Design  macht gerne Fahrradtouren  geht ab und zu abends Techno feiern und kann sehr gute Pancakes backen  Immer ein Highlight  wenn wir gemeinsam fr√ºhst√ºcken     Santana-May wird n√§chsten Monat    Jahre alt und arbeitet als Gesundheits- und Krankenpflegerin im Marienhospital  Sie macht viel Sport  trifft sich gerne mit Freunden und ist immer auf ein Wein im Viertel zu haben      Lisa ist    Jahre alt und studiert Soziale Arbeit im Master an der Katho und arbeitet aktuell an ihrer Masterthesis  Sie trinkt gerne guten Kaffee  ist auf der st√§ndigen Suche nach neuen Pflanzen f√ºr ihren Urban Jungle und verbringt viel Zeit mit politischer Arbeit      Wir leben ein aktives WG-Leben und w√ºnschen uns  dass das auch mit dir so bleibt    Wir kochen gerne zusammen  gehen zusammen abends weg  schauen Filme in unserem kleinen WG-Kino oder machen kleine und gro√üe Ausfl√ºge zusammen  Hier ist immer was los und immer jemand da  um zu quatschen oder sich vom Uni-  Arbeitsalltag abzulenken   Aber wir sch√§tzen auch gegenseitig die Ruhe und haben kein Problem damit  wenn man sich zur√ºckziehen will  Wir haben Lust auf ein solidarisches Miteinander in dem offen kommuniziert und r√ºcksichtsvoll miteinander umgegangen wird  Wir sind eine offene und tolerante WG  in der sich alle wohlf√ºhlen sollen  Au√üerdem haben wir Lust unsere Wohnung noch ein bisschen zu versch√∂nern und w√ºrden uns freuen  wenn du dich da auch einbringen m√∂chtest       Wir freuen uns √ºber deine Nachricht und wenn du was √ºber dich erz√§hlst      Bis dahin      Johannes  Santana und Lisa,In unserer WG ist kein Platz f√ºr Rassismus  Antisemitismus oder Sexismus  Genauso wenig akzeptieren wir LGBTQAI Feindlichkeit  Homophobie oder anderes diskriminierendes Verhalten       noborders,https://www.wg-gesucht.de/wg-zimmer-in-Aachen-Aachen.6839307.html
WG Zimmer zur Zwischenmiete in 3er WG,3,12,400,Eupener,52066,12:00,-0.6734249999999999,Ich bin ab anfang Sptember bis ende Januar wegen eines Erasmus Semesters nicht da und w√ºrde deshalb mein Zimmer gerne untervermieten  Die Wohnung liegt im    Stock eines Mehrfamilienhauses  Das Zimmer hat ca     m   die Wohnung insgesamt ca      m   Das Zimmer ist nach Norden ausgerichtet  dadurch ist es auch im Sommer angenehm k√ºhl im Zimmer  Zur Wohnung geh√∂rt ein    m  Wohnzimmer  in welchem man gut entspannen kann  Es gibt zwei getrennte B√§der  so dass es bis jetzt noch nie zu Engp√§ssen gekommen ist  Beide B√§der kann man sehr gut l√ºften  Das Zimmer wird mit Einrichtung vermietet Regal uso  ist nat√ºrlich leer   Das sind ein Regal  ein Schrank  ein Sessel  ein h√∂henverstellbarer Schreibtisch mit Stuhl und einem Bett    cm  ,Die Wohnung ist direkt an der FH Aachen  also f√ºr FH Studis bestens geeignet  Mit dem Fahrrad braucht man zur RWTH ca    -   min  also auch f√ºr RWTH Studenten sehr gut geeignet  Durch die direkte Lage an der FH kann man bequem dort in der Mensa essen und auch dort in der Bib lernen  Rewe  Lidl  Edeka und DM sind jeweils  -   min Gehzeit von der Wohnung entfernt  Zum HBF braucht man ca     min zu Fu√ü  es gibt aber auch eine direkte Busanbindung  Die Bushaltestelle Sebastianstra√üe liegt quasi direkt vor der Haust√ºr  Das Haus steht zwar an der Eupener Stra√üe  ist allerdings nach hinten versetzt  so dass man die Stra√üe nicht wirklich h√∂rt ,Das WG-Leben ist sehr entspannt und keine Zweck-WG  Flo studiert Wirting Maschinenbau im Bachelor  ist    Jahre alt und backt sehr viel  Ddaurch gibt es oft selbst gebackenes Brot  Croissants  Laugengeb√§ck      Fritz studiert Biotechnologie im Master und ist ebenfalls    Jahre alt  Beide kochen gerne  schauen gerne Serien und sind auch immer f√ºr eine Runde Dart oder Mario Kart offen  Auch mit den anderen WGs im Haus verstehen wir uns sehr gut und unternehmen zwischendurch mal etwas gemeinsam ,Die Miete wird mit allen Nebenkosten  also inklusive Internet  Strom und GEZ      Monat sein  Da Flo gerade BA schreibt und ich h√§ufiger in der Uni bin  werden Besichtigungen wahrscheinlich nur am Wochenende oder Abends stattfinden k√∂nnen  Wenn euch die Wohnung gef√§llt  stellt euch doch bitte kurz einmal vor und schreibt uns eure Lieblingsfarbe  damit wir wissen  dass ihr die Anzeige wirklich gelesen habt  Bei Studenten ist eine Elternb√ºrgschaft notwendig ,https://www.wg-gesucht.de/wg-zimmer-in-Aachen-Aachen.6839307.html
WG-Zimmer in direkter N√§he zur RWTH,17,13,184,Lousbergstra√üe,52072,12:00,-0.7447250000000001,Wir haben ab dem            ein Zimmer mit     m  f√ºr insgesamt          pro Monat f√ºr Studenten der Aachener Hochschulen zu vergeben  Ab dem        ist ein Zimmer mit     m  f√ºr insgesamt         pro Monat verf√ºgbar und ab dem        zu Beginn des Wintersemester werden weitere Zimmer frei sein  Das angegebene Einzugsdatum ist nicht verpflichtend und kann variabel gew√§hlt werden     Die Zimmer sind m√∂bliert mit Bett  Schrank und einem Schreibtisch  Au√üerhalb des Zimmers befinden sich Schuhschr√§nke  zudem hat jedes Zimmer einen   Gbit Netzwerkanschluss  dieser ist √ºber Glasfaserkabel mit dem IT-Center der RWTH verbunden  √úber das Netzwerk werden auch Fernsehprogramme zur Verf√ºgung gestellt  Au√üerdem verf√ºgen wir √ºber hausweites Wlan  Unser Haus bietet dar√ºber hinaus einen gro√üen Garten mit Terrasse und Grill  zwei Theken  einen Kicker  eine Dartscheibe  eine Tischtennisplatte  einen Getr√§nkekeller mit k√ºhlen Getr√§nken  ein Fernsehzimmer und einen gro√üen Saal mit HD-Beamer  Diese R√§ume erm√∂glichen ein angenehmes Zusammenleben und bieten viele gute M√∂glichkeiten seine Freizeit gemeinsam zu gestalten  aber auch viel Platz um zu Lernen      Zus√§tzlich stehen eine Wasch- und Trocken- M√∂glichkeit auf Selbstkostenbasis zur Verf√ºgung     Des Weiteren hat jeder Hausbewohner Zugang zu modernen B√§dern mit Duschen  welche sich mit je  -  anderen Hausbewohnern geteilt werden  sowie zu einem eigenen K√ºchen-  K√ºhlschrank- und Gefrier-Fach in unserer frisch renovierten Gemeinschaftsk√ºche ,Unser Haus befindet sich in einer ruhigen Wohngegend am Lousberg  genauer in der Lousbergstra√üe am Rande des Kurgebietes  S√§mtliche f√ºr Erstsemester wichtigen Geb√§ude wie das Audimax und das C A R L  sind in   Minuten fu√ül√§ufig zu erreichen  Weitere wichtige Unigeb√§ude der RWTH wie die Bibliothek  das Hauptgeb√§ude und das Super C sind nicht wesentlich weiter entfernt  Auch zur FH sind es nur etwa    Minuten mit dem Fahrrad     Die Sportanlagen der RWTH sowie der Bahnhof Aachen West sind in nur    Minuten erreichbar  Die Pontstra√üe  Aachens Studentenmeile liegt in unmittelbarer N√§he   Auch diverse Superm√§rkte sind leicht und schnell zu erreichen ,Als Studentenverein Carolingia sind wir alles andere als eine Zweck-WG  Wir sind eine starke Gemeinschaft  welche nicht nur im Alltag viel miteinander unternimmt  wie gemeinsam Sport machen  Filme schauen  Grillen und gem√ºtliche Abende an unseren Theken verbringen   sondern auch im Semester bei verschiedensten Veranstaltungen Zeit miteinander verbringt  wof√ºr die Gemeinschaftsr√§ume und der Garten gute Rahmenbedingungen bieten  Auch im Studium greifen sich die Studenten unterschiedlicher Fachrichtungen und -semester gegenseitig unter die Arme  beispielsweise beim gemeinsamen Lernen bei uns im Saal  Als neuer Hausbewohner kannst du diese Gemeinschaft ganz unverbindlich kennen lernen und bist immer herzlich eingeladen ein Teil dieser zu werden  Dabei bieten wir als Studentenverein vor allem Studienanf√§ngern  die neu nach Aachen ziehen  eine gute M√∂glichkeit neue Freunde f√§cher√ºbergreifend kennen zu lernen  mit Freunden zu wohnen  zu studieren und feiern zu gehen ,Zu der oben angegebenen Zimmerkaution kommen noch    Euro Schl√ºsselkaution hinzu  Die Zimmerkaution betr√§gt drei Monatsmieten        F√ºr Fragen zu freien Zimmern  Besichtigungsterminen stehe ich gerne zur Verf√ºgung        Weitere Informationen und Bilder  https   www carolingia rwth-aachen de home ,https://www.wg-gesucht.de/wg-zimmer-in-Aachen-Aachen.6839307.html
gro√üz√ºgiges Zimmer in heller und ruhiger WG (mit 1.000 Mbit/s - WLAN),6,22,410,Trierer,52078,12:00,0.268275,    m  - Wohnung mit   Zimmern  K√ºche mit Esszimmer  Flur  Garderobe    x WC  m w  und Dusch-Bad  Es ist ein eigenes WLAN mit       Mbit s f√ºr die WG vorhanden      Das Zimmer ist ein ca     m  gro√ües Einzelzimmer mit gro√üem Fenster  Das Zimmer ist m√∂bliert mit Bett  Bettdecke  Kopfkissen  Schrank  Schreibtisch  Stuhl und M√ºlleimer       Die Miete ist eine Pauschalmiete  Es erfolgt keine Nebenkostenabrechnung     In der Miete sind alle Nebenkosten wie Strom  Internetflatrate  Festnetztelefonflatrate  Heizung  Kalt- und Warmwasser  Abwasser  M√ºllgeb√ºhren  staatliche Steuern- und Abgaben und Fernseh- und Rundfunkgeb√ºhren bereits enthalten     Wohnraum und K√ºche sind komplett eingerichtet  Ein Badezimmer mit Dusche und zwei Toiletten  m w  sind vorhanden     Eine Waschmaschine und ein Trockner zur freien Nutzung runden das Angebot ab                                               -        m  - apartment with   rooms  kitchen with dining room  hallway  cloakroom    toilets  m  f  and a shower room  The shared apartment has its own WiFi with       Mbit s     The room is an approximately    m  single room with a large window  The room is furnished with a bed  duvet  pillow  closet  desk  chair and trash can       The rent is a flat rate rent  There is no billing for additional costs     The rent already includes all additional costs such as electricity  internet flat rate  landline telephone flat rate  heating  cold and hot water  waste water  garbage fees  state taxes and fees and television and radio license fees     The living room and the kitchen are fully furnished     A washing machine and a dryer for free use complete the offer ,Sehr ruhige Lage  im r√ºckw√§rtigen Anbau eines Wohngeb√§udes     Super schnelle Busverbindung in unmittelbarer N√§he vor dem Haus  Haltestelle   Zeppelinstra√üe   hier fahren    verschiedene Buslinien ab      Entfernung mit dem Bus bis zur FH ca     Minuten     Entfernung mit Bus zur RWTH ca     Minuten     Entfernung mit der Bahn bis zur RWTH und zum Campus  ca     Minuten  Bahnhof Rothe Erde bis Westbahnhof      Aachener Sparkasse  Supermarkt  Aldi und die Aachen Arkaden mit vielen Shoppingm√∂glichkeiten befinden sich in unmittelbarer N√§he  Der Bahnhof  Rothe Erde  ist nur     m entfernt                                                            Very quiet location  in the rear extension of a residential building     Super fast bus connection in the immediate vicinity of the house   Stop   Zeppelinstra√üe      different bus lines leave here      Distance by bus to the FH approx     minutes     Distance by bus to RWTH approx     minutes     Distance by train to RWTH and the campus is approx     minutes  Rothe Erde train station to Westbahnhof      Aachener Sparkasse  supermarket  Aldi and the Aachen Arkaden with many shopping opportunities are in the immediate vicinity  The  Rothe Erde  train station is only     m away ,Es wird ein e  nette r  Mitbewohner in  gesucht  die  der  ein freundschaftliches Zusammenleben in einer international bunt gemischten WG zu sch√§tzen wei√ü  Toleranz und R√ºcksichtnahme ist selbstverst√§ndlich und wird von euch ebenfalls erwartet      Bitte beachten Sie  dass aus gesundheitlichen Gr√ºnden in der gesamten Wohnung RAUCHVERBOT besteht  Auch in den Zimmern herrscht RAUCHVERBOT                                       We are looking for a nice roommate who appreciates living together in a friendly atmosphere in an internationally diverse shared apartment  Tolerance and consideration is a given and is also expected from you     Please note that for health reasons  SMOKING is prohibited in the entire apartment  Smoking is also prohibited in the rooms ,In der Wohnung ist ein Internetanschluss mit bis zu       Mbit s vorhanden  Flatrate   Hierf√ºr gibt es einen W-LAN Anschluss     Ein Internetf√§higer Gro√übildfernseher mit Satelliten TV im Esszimmer erg√§nzt das Angebot     Vor dem Haus gibt es einen Fahrradst√§nder und im Treppenniedergang des Hauses k√∂nnen ebenfalls Fahrr√§der abgestellt werden     Wenn du Interesse hast in der WG  einzuziehen schreib mir doch einfach eine Nachricht  in der Du etwas √ºber Dich erz√§hlst  sodass ich einen ersten Eindruck von Dir bekommen kann     Anschlie√üend w√§re es gut wenn Du vorbeikommen k√∂nntest  um dir die WG anzuschauen und die Mitbewohner pers√∂nlich kennenzulernen                                                  The apartment has an internet connection with up to       Mbit s  flat rate   There is a WiFi connection for this     An internet-capable large-screen TV with satellite TV in the dining room completes the offering     There is a bicycle rack in front of the house and bicycles can also be parked in the staircase of the house     If you are interested in moving into the shared apartment  just write me a message telling me something about yourself so that I can get a first impression of you     Afterwards it would be good if you could come by to take a look at the shared apartment and get to know the flatmates in person ,https://www.wg-gesucht.de/wg-zimmer-in-Aachen-Aachen.6839307.html
